Image,Label
msi001.jpg,1
msi002.jpg,1
msi003.jpg,1
msi004.jpg,1
msi005.jpg,1
msi006.jpg,1
msi007.jpg,1
msi008.jpg,1
msi009.jpg,1
msi010.jpg,1
msi011.jpg,1
msi012.jpg,1
msi013.jpg,1
msi014.jpg,1
msi015.jpg,1
msi016.jpg,1
msi017.jpg,1
msi018.jpg,1
msi019.jpg,1
msi020.jpg,1
msi021.jpg,1
msi022.jpg,1
msi023.jpg,1
msi024.jpg,1
msi025.jpg,1
msi026.jpg,1
msi027.jpg,1
msi028.jpg,1
msi029.jpg,1
msi030.jpg,1
msi031.jpg,1
msi032.jpg,1
msi033.jpg,1
msi034.jpg,1
msi035.jpg,1
msi036.jpg,1
msi037.jpg,1
msi038.jpg,1
msi039.jpg,1
msi040.jpg,1
msi041.jpg,1
msi042.jpg,1
msi043.jpg,1
msi044.jpg,1
msi045.jpg,1
msi046.jpg,1
msi047.jpg,1
msi048.jpg,1
msi049.jpg,1
msi050.jpg,1
msi051.jpg,1
msi052.jpg,1
msi053.jpg,1
msi054.jpg,1
msi055.jpg,1
msi056.jpg,1
msi057.jpg,1
msi058.jpg,1
msi059.jpg,1
msi060.jpg,1
msi061.jpg,1
msi062.jpg,1
msi063.jpg,1
msi064.jpg,1
msi065.jpg,1
msi066.jpg,1
msi067.jpg,1
msi068.jpg,1
msi069.jpg,1
msi070.jpg,1
msi071.jpg,1
msi072.jpg,1
msi073.jpg,1
msi074.jpg,1
msi075.jpg,1
msi076.jpg,1
msi077.jpg,1
msi078.jpg,1
msi079.jpg,1
msi080.jpg,1
msi081.jpg,1
msi082.jpg,1
msi083.jpg,1
msi084.jpg,1
msi085.jpg,1
msi086.jpg,1
msi087.jpg,1
msi088.jpg,1
msi089.jpg,1
msi090.jpg,1
msi091.jpg,1
msi092.jpg,1
msi093.jpg,1
msi094.jpg,1
msi095.jpg,1
msi096.jpg,1
msi097.jpg,1
msi098.jpg,1
msi099.jpg,1
msi100.jpg,1
msi101.jpg,1
msi102.jpg,1
msi103.jpg,1
msi104.jpg,1
msi105.jpg,1
msi106.jpg,1
msi107.jpg,1
msi108.jpg,1
msi109.jpg,1
msi110.jpg,1
msi111.jpg,1
msi112.jpg,1
msi113.jpg,1
msi114.jpg,1
msi115.jpg,1
msi116.jpg,1
msi117.jpg,1
msi118.jpg,1
msi119.jpg,1
msi120.jpg,1
msi121.jpg,1
msi122.jpg,1
msi123.jpg,1
msi124.jpg,1
msi125.jpg,1
msi126.jpg,1
msi127.jpg,1
msi128.jpg,1
msi129.jpg,1
msi130.jpg,1
msi131.jpg,1
msi132.jpg,1
msi133.jpg,1
msi134.jpg,1
msi135.jpg,1
msi136.jpg,1
msi137.jpg,1
msi138.jpg,1
msi139.jpg,1
msi140.jpg,1
msi141.jpg,1
msi142.jpg,1
msi143.jpg,1
msi144.jpg,1
msi145.jpg,1
msi146.jpg,1
msi147.jpg,1
msi148.jpg,1
msi149.jpg,1
msi150.jpg,1
msi151.jpg,1
msi152.jpg,1
msi153.jpg,1
msi154.jpg,1
msi155.jpg,1
msi156.jpg,1
msi157.jpg,1
msi158.jpg,1
msi159.jpg,1
msi160.jpg,1
msi161.jpg,1
msi162.jpg,1
msi163.jpg,1
msi164.jpg,1
msi165.jpg,1
msi166.jpg,1
msi167.jpg,1
msi168.jpg,1
msi169.jpg,1
msi170.jpg,1
msi171.jpg,1
msi172.jpg,1
msi173.jpg,1
msi174.jpg,1
msi175.jpg,1
msi176.jpg,1
msi177.jpg,1
msi178.jpg,1
msi179.jpg,1
msi180.jpg,1
msi181.jpg,1
msi182.jpg,1
msi183.jpg,1
msi184.jpg,1
msi185.jpg,1
msi186.jpg,1
msi187.jpg,1
msi188.jpg,1
msi189.jpg,1
msi190.jpg,1
msi191.jpg,1
msi192.jpg,1
msi193.jpg,1
msi194.jpg,1
msi195.jpg,1
msi196.jpg,1
msi197.jpg,1
msi198.jpg,1
msi199.jpg,1
msi200.jpg,1
msi201.jpg,1
msi202.jpg,1
msi203.jpg,1
msi204.jpg,1
mss001.jpg,0
mss002.jpg,0
mss003.jpg,0
mss004.jpg,0
mss005.jpg,0
mss006.jpg,0
mss007.jpg,0
mss008.jpg,0
mss009.jpg,0
mss010.jpg,0
mss011.jpg,0
mss012.jpg,0
mss013.jpg,0
mss014.jpg,0
mss015.jpg,0
mss016.jpg,0
mss017.jpg,0
mss018.jpg,0
mss019.jpg,0
mss020.jpg,0
mss021.jpg,0
mss022.jpg,0
mss023.jpg,0
mss024.jpg,0
mss025.jpg,0
mss026.jpg,0
mss027.jpg,0
mss028.jpg,0
mss029.jpg,0
mss030.jpg,0
mss031.jpg,0
mss032.jpg,0
mss033.jpg,0
mss034.jpg,0
mss035.jpg,0
mss036.jpg,0
mss037.jpg,0
mss038.jpg,0
mss039.jpg,0
mss040.jpg,0
mss041.jpg,0
mss042.jpg,0
mss043.jpg,0
mss044.jpg,0
mss045.jpg,0
mss046.jpg,0
mss047.jpg,0
mss048.jpg,0
mss049.jpg,0
mss050.jpg,0
mss051.jpg,0
mss052.jpg,0
mss053.jpg,0
mss054.jpg,0
mss055.jpg,0
mss056.jpg,0
mss057.jpg,0
mss058.jpg,0
mss059.jpg,0
mss060.jpg,0
mss061.jpg,0
mss062.jpg,0
mss063.jpg,0
mss064.jpg,0
mss065.jpg,0
mss066.jpg,0
mss067.jpg,0
mss068.jpg,0
mss069.jpg,0
mss070.jpg,0
mss071.jpg,0
mss072.jpg,0
mss073.jpg,0
mss074.jpg,0
mss075.jpg,0
mss076.jpg,0
mss077.jpg,0
mss078.jpg,0
mss079.jpg,0
mss080.jpg,0
mss081.jpg,0
mss082.jpg,0
mss083.jpg,0
mss084.jpg,0
mss085.jpg,0
mss086.jpg,0
mss087.jpg,0
mss088.jpg,0
mss089.jpg,0
mss090.jpg,0
mss091.jpg,0
mss092.jpg,0
mss093.jpg,0
mss094.jpg,0
mss095.jpg,0
mss096.jpg,0
mss097.jpg,0
mss098.jpg,0
mss099.jpg,0
mss100.jpg,0
mss101.jpg,0
mss102.jpg,0
mss103.jpg,0
mss104.jpg,0
mss105.jpg,0
mss106.jpg,0
mss107.jpg,0
mss108.jpg,0
mss109.jpg,0
mss110.jpg,0
mss111.jpg,0
mss112.jpg,0
mss113.jpg,0
mss114.jpg,0
mss115.jpg,0
mss116.jpg,0
mss117.jpg,0
mss118.jpg,0
mss119.jpg,0
mss120.jpg,0
mss121.jpg,0
mss122.jpg,0
mss123.jpg,0
mss124.jpg,0
mss125.jpg,0
mss126.jpg,0
mss127.jpg,0
mss128.jpg,0
mss129.jpg,0
mss130.jpg,0
mss131.jpg,0
mss132.jpg,0
mss133.jpg,0
mss134.jpg,0
mss135.jpg,0
mss136.jpg,0
mss137.jpg,0
mss138.jpg,0
mss139.jpg,0
mss140.jpg,0
mss141.jpg,0
mss142.jpg,0
mss143.jpg,0
mss144.jpg,0
mss145.jpg,0
mss146.jpg,0
mss147.jpg,0
mss148.jpg,0
mss149.jpg,0
mss150.jpg,0
mss151.jpg,0
mss152.jpg,0
mss153.jpg,0
mss154.jpg,0
mss155.jpg,0
mss156.jpg,0
mss157.jpg,0
mss158.jpg,0
mss159.jpg,0
mss160.jpg,0
mss161.jpg,0
mss162.jpg,0
mss163.jpg,0
mss164.jpg,0
mss165.jpg,0
mss166.jpg,0
mss167.jpg,0
mss168.jpg,0
mss169.jpg,0
mss170.jpg,0
mss171.jpg,0
mss172.jpg,0
mss173.jpg,0
mss174.jpg,0
mss175.jpg,0
mss176.jpg,0
mss177.jpg,0
mss178.jpg,0
mss179.jpg,0
mss180.jpg,0
mss181.jpg,0
mss182.jpg,0
mss183.jpg,0
mss184.jpg,0
mss185.jpg,0
mss186.jpg,0
mss187.jpg,0
mss188.jpg,0
mss189.jpg,0
mss190.jpg,0
mss191.jpg,0
mss192.jpg,0
mss193.jpg,0
mss194.jpg,0
mss195.jpg,0
mss196.jpg,0
mss197.jpg,0
mss198.jpg,0
mss199.jpg,0
mss200.jpg,0
mss201.jpg,0
mss202.jpg,0
mss203.jpg,0
mss204.jpg,0
